record_id,marker_1,marker_2,marker_3,marker_4,marker_5
1,AA,AG,AA,TT,AT
2,AA,AA,GG,AT,AT
3,AA,AA,AA,AA,AA
4,AA,AG,AG,AA,AA
5,CC,AG,AA,AT,AT
6,AA,AG,AG,AT,AA
7,AA,AA,AA,AT,TT
8,AA,AG,AA,AA,TT
9,AC,AA,AA,AT,AA
10,AC,AA,AA,AA,AT
11,AC,AA,AA,TT,AA
12,AA,AG,AA,TT,AA
13,AA,AG,AG,AT,AT
14,AA,AG,AA,AT,AA
15,AA,AA,AG,TT,AA
16,AA,AA,AG,AA,AA
17,AA,AG,AG,TT,AA
18,AA,AA,AA,TT,AA
19,AC,AG,GG,TT,AA
20,AA,GG,AA,AA,AA
21,AC,AG,AA,TT,AA
22,AC,AG,AG,AT,AA
23,AA,AA,AA,TT,AA
24,AA,AG,AG,TT,AA
25,AC,AG,AA,AT,AT
26,AA,AA,AA,AT,AT
27,AA,AA,AA,AT,AA
28,AC,AG,AA,TT,AA
29,AA,AG,AG,TT,AA
30,AA,AA,AG,TT,AA
31,AA,GG,AA,AT,AA
32,AC,AA,AG,TT,AA
33,CC,AA,AA,AT,AT
34,AC,AA,AG,TT,TT
35,AA,AA,AG,TT,AA
36,AA,AA,AG,TT,AT
37,AA,AA,AA,AT,AA
38,AA,AA,AA,AT,AT
39,AC,AG,AG,AT,AA
40,AA,AG,AA,TT,AA
41,AA,GG,AA,TT,AA
42,AA,AA,AA,TT,AA
43,AA,AG,AG,AT,AA
44,AA,AG,AA,TT,AA
45,AC,AG,AA,AT,AT
46,AC,AA,AA,TT,AT
47,AA,AG,AA,AA,AA
48,AA,AA,GG,AT,AA
49,AA,AA,AA,AT,AA
50,AC,AG,AA,TT,AT
51,AC,AA,AG,AA,AA
52,AC,AA,AA,AT,AA
53,AA,AG,GG,AT,AA
54,AA,AA,AA,TT,AA
55,AA,GG,AA,AT,AA
56,AA,GG,AA,TT,AT
57,AA,AA,GG,TT,AA
58,AC,AA,AA,AT,AT
59,AA,AA,AG,AT,AA
60,AC,AA,AA,AT,AT
61,AC,GG,AG,TT,AT
62,AA,AA,AA,AT,AA
63,AA,AG,AG,TT,AA
64,AC,AG,AA,AT,AT
65,AC,AG,AA,TT,AT
66,AA,AA,AG,AT,AT
67,AA,AA,AG,AT,AA
68,AA,AA,AG,AT,AT
69,AA,AA,AG,AT,AA
70,AC,AA,AG,AT,AT
71,AA,GG,AA,AT,AA
72,AA,AG,AG,AT,AA
73,AA,AA,AA,AT,AA
74,AA,GG,AA,TT,AA
75,AA,AA,AG,AT,AA
76,AA,AG,AA,TT,AT
77,AA,AA,AG,TT,AA
78,AC,AA,AA,AT,AT
79,AC,AA,AA,TT,AA
80,AA,AG,AA,TT,AT
81,AC,GG,AG,AT,AT
82,AA,AA,AA,TT,AT
83,AC,AA,AG,AT,AA
84,AA,AG,AA,AT,AT
85,AC,AG,AA,AT,AT
86,AA,GG,AA,TT,AA
87,AC,AG,AG,TT,AA
88,AC,GG,AA,TT,AT
89,AA,AG,AG,AT,AT
90,AC,AG,AG,AT,AT
91,AA,AA,AG,AT,AT
92,AA,AG,AG,TT,TT
93,AA,AG,AA,TT,AT
94,AA,AA,GG,AT,AA
95,AA,AG,AG,AT,AA
96,AA,AA,AG,AT,AT
97,AA,AA,AG,TT,AT
98,AA,AA,AA,TT,AT
99,CC,AG,AA,AA,TT
100,AA,AA,AG,TT,AA
101,AC,AA,AG,TT,AT
102,CC,AA,AA,AT,AT
103,AC,AG,AA,TT,AA
104,AC,AA,AA,AT,TT
105,AA,AA,AA,AT,AT
106,AA,AA,AA,AT,AA
107,AA,GG,AA,TT,AA
108,AA,AG,AA,TT,AA
109,AA,GG,AA,AA,AA
110,AA,AG,AA,AT,AT
111,AA,AG,AA,AT,AA
112,AA,AG,AG,AT,AT
113,AA,AG,AG,TT,AT
114,AC,AA,AA,AT,AA
115,AC,AG,GG,AA,AT
116,AA,AA,AA,AT,AA
117,AC,AG,AG,AT,AA
118,AC,GG,AA,TT,AT
119,AA,AG,GG,TT,AA
120,AC,AA,AG,AT,AA
121,CC,AA,AA,AT,AT
122,AA,GG,AA,AT,AA
123,AC,AA,AG,TT,AA
124,AC,AA,AA,TT,TT
125,AC,GG,AA,TT,AA
126,AA,AA,AG,TT,AA
127,AA,AA,AA,AT,AT
128,AC,AA,AA,AT,AA
129,AA,AG,AA,TT,AT
130,AA,AA,AA,TT,AA
131,AA,AA,AA,TT,AA
132,AC,AA,AA,AT,AA
133,AA,AA,GG,TT,AA
134,AC,GG,AG,AA,AA
135,AA,GG,AG,AA,AT
136,AC,AA,AA,AT,AA
137,AC,AA,AA,TT,AA
138,AC,GG,AA,TT,AT
139,AA,AG,AG,AA,AA
140,AA,AG,AA,AT,AT
141,AA,AA,AG,AT,AA
142,AC,AA,AA,TT,AA
143,AA,GG,AA,TT,AA
144,AA,AG,AA,TT,AA
145,AC,AA,AA,AT,AT
146,AC,AA,AG,TT,TT
147,AC,GG,AA,AT,AA
148,AA,AG,AG,AA,AA
149,AA,AA,AA,AA,AA
150,AC,AG,AG,TT,AT
151,AC,AA,AA,TT,AA
152,AA,AG,AA,AT,AT
153,AC,AG,AA,TT,AA
154,CC,AG,AG,AT,AT
155,AA,AA,AA,AT,AA
156,AC,AA,AA,AA,AT
157,AA,AG,AG,TT,AA
158,AA,AA,AA,AT,AT
159,AA,AA,AA,AT,AA
160,AA,AA,AA,TT,AT
161,AA,AG,AG,TT,AA
162,AA,AA,AA,AT,AA
163,AA,AA,AG,AT,AA
164,AC,AG,AG,TT,AA
165,AC,AA,AG,AT,AA
166,AA,AG,AA,TT,AA
167,CC,AG,AA,AT,AA
168,AC,AA,AA,TT,AA
169,AA,AA,AA,AT,AA
170,AA,AG,GG,AA,AA
171,CC,GG,AA,AT,AT
172,AA,AA,AA,AA,AA
173,AA,AG,AA,TT,AA
174,AA,AG,AG,AT,TT
175,AA,AA,AG,AT,AT
176,AC,AA,AA,AT,AT
177,AC,AA,AG,TT,AA
178,CC,AG,AA,TT,AT
179,AA,GG,AA,AT,AT
180,AA,AG,AA,AA,AA
181,AC,AG,AA,TT,AA
182,CC,AG,AA,AT,AT
183,AC,AG,AA,TT,AT
184,AA,AA,AG,AT,AA
185,AC,AG,AA,TT,AA
186,AA,AG,AA,TT,AA
187,AA,AG,AA,TT,AT
188,AA,AG,AG,AT,AT
189,AA,AG,AA,TT,AA
190,AC,AA,AA,TT,AA
191,CC,AA,AA,AT,AA
192,AA,AA,AA,AT,AA
193,CC,AA,AG,TT,AA
194,AA,GG,AG,AT,AA
195,AC,GG,AA,TT,AA
196,AA,AA,AG,TT,AT
197,AA,AG,AG,AT,AA
198,AC,GG,AG,TT,AA
199,AA,AA,AA,AT,AA
200,AC,AG,AA,AA,AT
201,AA,AA,AA,TT,AA
202,AC,GG,AG,AA,AT
203,CC,AA,AA,AT,AA
204,AA,AG,AA,AT,AT
205,AA,GG,AA,AA,AT
206,AA,AA,AG,AT,AA
207,AC,AA,AA,TT,AA
208,AC,AA,AA,TT,AT
209,AA,GG,AG,AT,AA
210,AC,AG,AA,TT,AA
211,AC,AG,AA,TT,AA
212,AA,AA,AG,TT,AT
213,CC,AG,AA,TT,AT
214,AC,GG,AA,TT,AT
215,AA,AG,AG,AT,AT
216,AC,AG,AA,AA,AA
217,AC,AA,AG,AT,AA
218,AC,AG,AA,TT,AT
219,AC,AA,AA,AT,AA
220,AC,AG,AA,AT,AA
221,AA,AA,AA,AT,AA
222,AC,AG,AA,TT,AA
223,AC,AG,AG,TT,AA
224,AA,AA,AA,TT,AT
225,AA,AG,AG,TT,AA
226,AC,AG,AG,TT,AA
227,AA,GG,AA,TT,AA
228,AC,AA,AA,AA,AA
229,AA,AG,AA,AT,AA
230,AA,GG,AA,AT,AA
231,AA,AG,AA,AT,AT
232,AA,AG,AG,TT,AA
233,AC,GG,AG,AT,AA
234,AC,AA,AA,TT,AA
235,AC,AG,AA,AT,AT
236,AA,AA,AA,AT,AT
237,AC,AG,GG,TT,AT
238,AA,AA,AA,AT,AA
239,AC,AG,AA,AT,AA
240,AC,AA,AA,AT,AT
241,AA,AG,AA,AT,AA
242,AA,AA,AA,TT,AA
243,AA,AA,AA,TT,AA
244,AC,AA,AA,AT,AA
245,AA,AA,GG,AT,AT
246,AA,GG,AA,AT,AA
247,AA,AA,AA,AT,AT
248,AC,AA,GG,AT,AT
249,AC,AA,AG,TT,AA
250,CC,AG,AG,AT,AA
251,AA,AA,AA,AT,AA
252,AC,GG,AG,TT,AA
253,AA,AG,AA,TT,AT
254,AC,AG,AA,TT,AT
255,AA,AG,AG,AT,AT
256,CC,AA,AA,AT,AA
257,AA,AG,AG,AA,AT
258,AA,AG,AA,TT,AA
259,CC,AA,AA,AT,AT
260,AA,AG,GG,AT,AA
261,AC,AG,AA,TT,AT
262,AC,AA,AA,AT,TT
263,AC,AA,AA,AA,AA
264,AC,GG,GG,TT,AA
265,AA,AG,AA,AA,TT
266,AA,AA,AA,AT,AA
267,AA,AG,AA,AT,TT
268,AC,AA,AA,AT,AT
269,AC,AA,AA,TT,AA
270,AC,AA,AA,TT,AA
271,AC,AA,AG,AT,AA
272,AA,AA,AA,TT,AA
273,AA,AA,AA,AT,AA
274,CC,AA,AA,AT,AT
275,AC,AA,AA,AT,AA
276,AA,GG,GG,AT,TT
277,AA,AG,AG,AA,AT
278,AC,AA,AA,TT,AT
279,AA,GG,AA,AT,AT
280,AA,AA,AA,TT,AA
281,AA,AG,AG,TT,AT
282,AC,AG,AA,TT,TT
283,AC,GG,AG,TT,AA
284,AC,AA,AG,TT,AA
285,AA,AG,AA,AT,AA
286,AC,AG,AA,TT,AA
287,AA,AA,AA,AT,AT
288,AC,AA,AA,AT,AT
289,AC,AA,AG,TT,AA
290,AA,AA,AA,TT,AT
291,AA,AG,AA,TT,AT
292,AA,AG,AA,TT,AT
293,AA,GG,AA,AA,AT
294,AA,AG,AG,TT,TT
295,AC,AG,AA,AT,TT
296,AA,AA,AA,TT,AT
297,AA,AG,AG,TT,AA
298,AC,AA,AA,TT,AA
299,AA,AA,AG,TT,AA
300,AA,AG,AA,TT,AA
301,AA,AA,AA,AT,AA
302,AA,AA,AA,TT,TT
303,AA,AG,AA,TT,AT
304,AC,AA,GG,TT,TT
305,AC,GG,AG,AT,AT
306,AC,AG,AA,TT,AT
307,AA,AA,AG,AA,AT
308,AC,AG,AA,AT,AA
309,AA,AA,AA,TT,AA
310,AA,AG,AA,AT,TT
311,AC,AA,AG,AT,AA
312,CC,AG,AA,TT,AA
313,AA,GG,AA,TT,AA
314,AC,AA,AG,TT,AA
315,AA,AG,GG,AT,AA
316,AC,AG,AG,AT,AT
317,AC,GG,AG,TT,AT
318,AA,GG,AA,AT,AT
319,AA,AA,AA,TT,AA
320,AA,AG,GG,AA,AA
321,AA,AA,AA,AT,AA
322,AC,AA,AA,TT,AT
323,AA,AA,AA,TT,AT
324,AA,AG,AA,TT,AT
325,AC,AG,AA,TT,AA
326,AA,AG,AA,TT,AT
327,AA,AG,AG,AT,AT
328,AA,AA,AA,TT,AA
329,AA,AA,AA,AT,AT
330,AC,AA,AG,AT,AT
331,AA,AG,AA,TT,AT
332,AC,AG,AA,TT,AA
333,AA,AG,GG,TT,AA
334,AA,AG,AA,AT,AA
335,AA,AA,AG,AT,AA
336,AC,AA,AA,TT,AT
337,AA,AA,AA,AA,AA
338,AC,AG,AG,AT,AA
339,CC,AG,AA,AA,AT
340,AC,GG,GG,AT,AA
341,AC,AA,AA,AT,AA
342,AC,AA,AG,AT,AT
343,CC,AG,AG,TT,AT
344,AC,AG,AG,TT,AT
345,CC,AG,AA,TT,AT
346,AC,GG,GG,TT,AA
347,AC,AA,AG,AT,AT
348,AA,AG,AA,AT,AA
349,AC,AG,AA,TT,AA
350,AA,GG,AG,TT,AT
351,AC,AA,AG,AA,AA
352,CC,AG,AA,TT,AA
353,AA,AG,AG,TT,AA
354,AA,AG,AA,AT,AA
355,CC,AA,AA,AA,AT
356,AA,AG,AA,AT,AA
357,CC,AA,AA,AT,AT
358,AA,AG,AG,TT,TT
359,AC,GG,AG,AT,AA
360,AA,AG,AG,TT,AT
361,AA,AA,AG,TT,AA
362,AC,AA,AG,TT,TT
363,AA,AA,AA,AA,AT
364,AA,AG,AA,AT,AT
365,AC,AG,AG,AT,AA
366,AA,AA,AA,AT,AT
367,AA,AA,AA,TT,AA
368,AC,AA,AG,TT,AA
369,AC,AG,AA,TT,AT
370,AC,AG,AA,AT,AA
371,AC,AG,AG,AT,AT
372,CC,AA,AA,AT,AA
373,AA,AG,AA,TT,AA
374,AC,AG,AA,AT,AA
375,AA,AG,AG,AT,AA
376,AA,AG,AG,TT,AA
377,AA,AA,AA,AT,AA
378,AC,GG,AG,AT,AA
379,AA,AG,AA,TT,AA
380,AC,AA,AA,AT,AT
381,AA,AA,AA,AT,AT
382,CC,AG,AA,AT,AA
383,AC,AA,AA,TT,AA
384,AA,AG,AA,TT,AA
385,AA,AG,AG,TT,AA
386,AA,AA,AA,TT,AT
387,AC,AG,AA,AT,AT
388,AC,AG,AA,AT,AT
389,AC,AA,AG,TT,AA
390,AA,AG,AA,TT,AA
391,AC,AG,AG,TT,AA
392,AC,AG,AA,AA,AT
393,AA,AG,AG,AA,AA
394,AA,AG,AA,TT,AT
395,AC,AA,AA,TT,AA
396,AA,AA,AG,AT,AT
397,AA,AG,GG,TT,AA
398,AC,AA,AG,AT,AA
399,AA,AA,AA,AT,AT
400,AC,AG,AG,AT,AA
401,AA,AA,AA,TT,AA
402,AA,AA,AA,TT,AA
403,AA,AG,AG,AA,AT
404,AA,AA,AG,AT,AA
405,CC,AG,AG,TT,AT
406,AA,AA,AA,TT,AA
407,AC,AG,AG,AA,AA
408,AA,AG,AA,AT,AA
409,AC,AA,AA,AT,AA
410,AA,AA,AA,TT,AT
411,AA,AA,AA,AT,AA
412,AC,AG,AA,TT,AA
413,AC,AA,AG,AT,AT
414,AA,GG,GG,AA,AT
415,AC,AA,AA,TT,AA
416,AA,GG,AA,AT,AT
417,AC,GG,AA,AT,AT
418,AC,AA,AG,TT,AA
419,AC,AG,AG,TT,AA
420,AA,AG,AG,AT,AA
421,AC,AG,AA,AT,AA
422,AA,AG,AA,AT,AA
423,AA,AA,GG,TT,AA
424,AC,AA,AA,TT,AA
425,AA,AG,AG,TT,AA
426,AA,AG,AA,TT,AA
427,AC,AA,AA,AT,AA
428,AA,AA,AA,AT,AA
429,AC,AG,AG,AA,AT
430,AC,AA,AA,TT,AT
431,AA,AG,AA,TT,AT
432,AA,AA,AG,AT,TT
433,AC,AG,AG,TT,AT
434,AA,AG,AA,AA,AA
435,AC,AG,AA,AT,AT
436,AA,AG,AA,AT,AT
437,AA,AG,AG,AT,AT
438,AA,AG,AA,TT,AT
439,AA,AA,AA,TT,AA
440,AA,AA,AG,AT,AT
441,AA,AG,AA,TT,AT
442,CC,AG,AA,AA,AA
443,AA,AG,AA,AT,AA
444,AA,GG,AA,AT,AA
445,AA,AA,AA,TT,AA
446,AC,AG,AA,AT,AA
447,AC,AA,AA,AT,AT
448,AC,AA,AG,AT,AT
449,AC,AG,AA,AT,TT
450,AA,AA,AG,TT,AA
451,CC,AG,AA,AT,AA
452,AA,AA,AA,TT,AA
453,AC,AG,AA,AT,TT
454,AA,AG,AG,TT,AA
455,AA,GG,AA,AT,AT
456,AA,AG,AA,TT,AA
457,AA,AA,AA,TT,AA
458,AA,GG,AA,TT,AA
459,AA,AA,AA,TT,AT
460,AA,AG,AA,TT,AT
461,AC,AG,AA,TT,AA
462,AC,AG,AG,TT,TT
463,AC,AA,AG,AA,AT
464,AC,AA,AA,AT,AT
465,AA,AG,AG,TT,AA
466,AC,AG,AG,TT,TT
467,AC,AG,AA,TT,AT
468,AA,AA,AG,TT,AA
469,AA,AA,AG,AT,AA
470,AA,AA,AA,AT,AT
471,AA,AA,GG,TT,AT
472,AA,GG,AG,TT,AA
473,AC,AG,AA,AT,AA
474,AC,AA,AA,TT,AA
475,AC,AA,AA,AT,AA
476,CC,GG,AA,AT,AT
477,AC,AG,AA,AA,AT
478,AC,AA,AA,TT,AT
479,AA,AA,AA,TT,AT
480,AA,AG,AG,AT,TT
481,AC,AG,AA,AA,AT
482,AC,AA,AG,AT,AA
483,AC,AA,AA,TT,AA
484,AA,AA,AA,AT,AA
485,AA,GG,AA,TT,AA
486,AC,AA,AA,TT,AT
487,AA,AG,AG,TT,AT
488,AA,AA,AA,AA,AA
489,AC,AA,AA,AT,AT
490,AC,AG,GG,TT,AA
491,AA,AA,AG,AT,AA
492,AA,AG,AA,TT,TT
493,AA,AA,AG,AT,AA
494,AA,AG,AA,AT,AT
495,AA,GG,AA,AT,AA
496,AC,AA,AA,AT,AT
497,AC,AA,AA,TT,AT
498,AC,AA,AA,AT,AT
499,AA,AA,AG,AA,AA
500,AA,AA,AA,TT,AA
501,CC,AA,AA,AA,AA
502,AA,AA,AG,AT,TT
503,AA,AG,AA,AT,AT
504,AC,AA,AA,TT,AA
505,AC,AG,AG,AT,AA
506,AC,AA,AA,AA,AT
507,AA,AG,AG,AA,AA
508,AA,GG,AG,TT,AA
509,AA,AG,AA,AT,TT
510,AA,AG,AA,AT,AA
511,AA,AA,AG,TT,AT
512,AA,AG,AA,TT,AT
513,AA,AA,AG,TT,AT
514,AC,AA,AA,TT,AA
515,CC,AG,AA,TT,TT
516,AA,AG,AG,AT,AA
517,AA,AA,AA,TT,AT
518,AA,GG,AG,TT,AA
519,AC,AA,AG,TT,AA
520,AA,AA,AA,TT,AA
521,AA,AA,AA,AA,AT
522,AC,AG,AA,AA,AA
523,AC,AA,AA,AT,AT
524,AC,AA,AA,AT,AA
525,AA,AA,AG,AT,AA
526,AA,AA,AA,TT,AT
527,AC,AA,AA,AT,AA
528,AC,AG,AA,TT,AA
529,AC,AG,AA,TT,AT
530,AA,GG,AG,TT,AA
531,AC,AA,AA,AT,AT
532,CC,AA,AA,TT,AA
533,AA,AA,AG,AA,AT
534,AC,AG,AA,AT,AT
535,AA,AA,AA,AT,AA
536,AA,AG,AA,TT,AT
537,AA,AA,AG,AT,AT
538,AA,AA,AA,AT,AT
539,AC,AG,AG,AT,AT
540,AA,AA,AG,AT,AT
541,AA,AA,GG,AT,AA
542,AC,GG,AA,TT,AA
543,AA,AG,AA,AT,AA
544,AA,AG,AA,AT,AA
545,AA,GG,AA,AT,AT
546,AA,AA,AA,AT,AA
547,AA,AA,AA,AT,AA
548,AA,AA,AA,AA,AA
549,AA,AA,AA,TT,AT
550,AA,AA,AG,AT,AA
551,AA,AG,AG,AA,AA
552,AA,AG,AG,AT,AA
553,AC,AG,AA,TT,AA
554,AA,AG,AA,AT,AT
555,AC,AA,GG,TT,AA
556,AA,AA,AA,AT,AA
557,AC,AA,AG,TT,AA
558,AA,AG,AA,TT,TT
559,AA,AG,GG,TT,AT
560,AA,GG,AG,AT,AA
561,AA,AA,AA,TT,AA
562,AA,AA,GG,AT,AA
563,AA,AA,AG,AA,AA
564,AA,AG,AG,AT,TT
565,AA,AA,AA,TT,AT
566,CC,GG,AA,TT,AT
567,AA,AA,AA,AT,AT
568,AC,AG,AA,TT,AT
569,AC,AA,AG,AT,AT
570,AC,AA,AA,TT,AA
571,AA,AG,AA,TT,AT
572,AC,AA,AA,TT,AA
573,AA,GG,AA,AT,TT
574,AA,AA,AG,AT,AA
575,AC,AA,AA,AT,AA
576,AA,AA,AG,AT,AA
577,AC,AA,AA,AT,AA
578,AA,AG,AA,TT,AT
579,AC,AG,AG,AT,AT
580,AC,AA,AG,TT,AT
581,AC,AG,AA,AT,AA
582,AA,GG,AA,TT,TT
583,AC,AG,AA,TT,AT
584,AA,GG,AA,TT,AA
585,AA,AG,AA,TT,AA
586,AA,AG,AA,TT,AT
587,AA,AG,AG,AT,AA
588,AA,AA,AA,TT,AA
589,AC,AG,AA,TT,AT
590,AC,AA,AA,AT,AA
591,AC,AG,AG,AT,AT
592,AA,AG,AG,TT,TT
593,AA,AG,AA,TT,AA
594,AA,AA,AG,AT,AA
595,AC,AG,GG,AT,AA
596,AC,AA,AG,TT,AT
597,AA,AA,AA,AA,AA
598,AC,AA,GG,TT,AA
599,CC,AA,AA,TT,AT
600,AA,AA,AG,TT,AT
601,AA,AG,AA,AA,AA
602,AA,AG,AA,TT,TT
603,AA,AA,AG,AT,AA
604,AC,AA,AA,AT,AA
605,CC,AG,AA,AT,AA
606,AA,AA,AA,TT,AA
607,AA,AG,AA,AT,AA
608,AA,AG,AG,TT,AA
609,AA,AA,AG,AT,AA
610,AA,AA,AA,TT,AA
611,AC,AA,AA,AT,AA
612,AC,AA,AG,TT,AT
613,AA,AG,AA,AT,AT
614,AA,AA,AG,AA,AT
615,AC,AG,AA,AA,AA
616,AA,AA,AG,AT,AT
617,AA,AG,AA,TT,AA
618,AC,AG,AA,AT,AA
619,AC,AA,AA,AT,AA
620,AC,AG,AG,AT,AA
621,AA,AA,AG,TT,AT
622,AC,AG,AA,AT,AT
623,AA,AG,AA,TT,AT
624,AA,AA,AG,TT,AT
625,AC,AG,AA,TT,AA
626,AC,AA,AA,AA,AA
627,CC,AA,AA,AA,AT
628,AC,AA,GG,AT,AT
629,AA,AG,AA,AT,AA
630,AC,AA,AA,TT,AA
631,AA,AG,AG,AT,AT
632,AA,AA,AA,AT,AA
633,AC,AG,AA,TT,AA
634,AA,AA,AA,TT,AA
635,AA,AA,AA,TT,AA
636,AA,AA,AA,AT,AA
637,AC,AA,AA,AT,AT
638,AA,AA,AA,TT,AA
639,AC,AA,AG,AT,AA
640,AA,AA,AA,AT,AA
641,AC,AG,GG,AT,AA
642,AA,AG,AA,AA,AA
643,AA,AA,AA,AA,AA
644,AC,AA,AG,TT,AT
645,CC,AG,AA,AA,AT
646,AA,AA,AA,TT,AA
647,AA,AA,AA,AA,AT
648,AC,AG,AA,TT,AT
649,AC,AG,AG,AT,AA
650,AA,AG,AG,TT,AA
651,AC,AG,AG,AT,AT
652,AC,AA,AA,TT,AA
653,AA,AA,AA,TT,AT
654,AA,AG,AA,TT,AT
655,AC,AG,AG,AT,AT
656,AA,AA,AG,TT,AA
657,AC,AG,AA,AT,AA
658,AA,AG,AA,TT,TT
659,AC,AA,AA,TT,AA
660,AC,AA,AA,AA,AA
661,AC,AG,AA,TT,AA
662,AA,AA,AG,AT,AA
663,AA,GG,AG,AA,AA
664,AA,AA,AA,AT,AA
665,AA,AG,GG,TT,AA
666,AC,AA,AG,AT,AA
667,AA,AG,AA,TT,AA
668,AC,AG,AA,AT,AT
669,AA,AG,AG,TT,AT
670,AA,GG,AA,AT,AA
671,AA,AG,AA,TT,AT
672,AA,AA,AA,AA,AA
673,AA,AG,GG,TT,AA
674,AA,AG,AG,AT,AT
675,AA,AA,AA,AT,AT
676,AA,AG,AA,AT,AA
677,AC,AG,AG,AA,TT
678,AC,AG,AA,TT,AA
679,AA,AA,AA,AT,AA
680,AA,AG,AA,TT,AA
681,AA,AA,AG,TT,AT
682,AA,AG,AA,AT,AA
683,AA,AA,AA,TT,AA
684,AA,AA,AG,AA,AT
685,AA,AA,AA,AT,AT
686,AA,AA,AA,TT,AT
687,AC,AG,AA,TT,AT
688,AA,AA,AG,AT,AA
689,AA,AA,AA,TT,AT
690,AC,AA,AG,TT,AT
691,AA,GG,AA,TT,AA
692,AC,AA,AA,TT,AT
693,AA,AG,AA,AT,AA
694,AC,AA,AA,TT,AA
695,AA,AA,GG,TT,AA
696,AC,AA,AA,AT,AT
697,AA,AA,AG,AA,AA
698,AC,AG,AG,TT,AA
699,AC,AA,AA,AT,AA
700,AC,AG,AA,AT,AA
701,AA,AG,AA,TT,AT
702,AA,AG,AG,TT,AA
703,AC,AA,AA,AT,AT
704,AA,GG,AA,TT,AA
705,AA,GG,AA,TT,AT
706,AA,AG,AA,TT,AA
707,AC,AA,AA,AT,AA
708,AA,AA,AA,TT,AA
709,AA,AG,AA,AT,AA
710,AC,GG,AA,AT,AT
711,AA,AG,AA,TT,AT
712,AA,AG,AA,TT,AA
713,AC,AG,AG,TT,AA
714,AC,AA,AG,AT,AA
715,AC,AA,AA,AT,AT
716,AA,AA,AA,TT,TT
717,AA,AG,AG,AA,AA
718,AC,AG,AA,AT,AA
719,AA,GG,AA,AT,AA
720,AC,GG,AG,TT,AA
721,AA,AA,AA,AT,AT
722,AC,AA,GG,AT,AT
723,AA,AA,AA,TT,AT
724,AA,AA,AA,AT,AT
725,AC,AG,AA,AT,AT
726,CC,AA,AG,AT,AA
727,AC,AG,AG,AT,AA
728,AA,AG,AA,AT,AA
729,AC,AA,AG,TT,AA
730,AA,AA,AG,AT,AT
731,AC,GG,AA,AT,AT
732,AC,AG,AG,AT,AT
733,AC,AG,AA,TT,AA
734,AC,AG,AG,AT,AA
735,AC,AA,AA,AT,TT
736,AC,AG,AA,AA,AA
737,AA,AA,AA,AA,AA
738,AC,AA,AG,AA,AT
739,AC,GG,AA,TT,AT
740,AA,AG,AA,AT,AT
741,AC,AA,AA,TT,AA
742,AA,AA,GG,TT,AA
743,AA,AG,AA,TT,AA
744,AA,AA,AG,AT,AT
745,AA,AA,AG,TT,TT
746,AA,AA,AA,TT,AA
747,AC,AG,AA,AT,AA
748,AA,AA,AG,AA,AA
749,AA,AG,AA,TT,AA
750,AC,AA,AA,TT,AA
751,AA,AA,AG,TT,AA
752,AA,AA,GG,TT,AA
753,AA,AG,AA,AT,AA
754,AA,AG,AA,AT,AT
755,AC,AA,AA,AT,AT
756,AA,AG,AA,TT,AA
757,AC,AA,AG,AA,AT
758,AC,AA,AA,AT,AA
759,AC,GG,AA,AT,AA
760,AA,AA,AA,AA,AT
761,AC,AG,AA,TT,AA
762,AC,AA,AA,TT,AA
763,AA,AG,AA,AT,AA
764,AC,AA,AA,AT,AT
765,AA,AA,AA,AA,AT
766,AA,GG,AA,TT,AT
767,AC,AG,AA,AT,AT
768,AA,AG,AA,TT,AA
769,AC,AG,AA,AT,AA
770,AA,AA,AA,TT,AT
771,AC,AA,AA,AT,AT
772,AA,AA,AG,AT,AA
773,AA,AA,AG,AT,AT
774,AC,AG,AG,AT,AA
775,AC,AG,AG,TT,AA
776,AC,GG,AA,TT,AA
777,AC,GG,AA,AA,AA
778,AC,AG,AA,TT,AT
779,AC,AA,AA,TT,AT
780,AA,AG,AA,TT,AA
781,AA,AG,AA,AT,AT
782,AA,AA,AA,AT,AA
783,AA,AA,AG,TT,AT
784,AA,AG,AG,AA,AA
785,AC,AG,AG,AT,AA
786,AA,AA,AA,AT,AA
787,AA,AA,AA,TT,AT
788,AA,AG,AA,TT,AA
789,AC,AA,AA,TT,TT
790,AA,AG,AG,TT,AA
791,AA,AA,AG,TT,AT
792,AC,AG,AA,TT,AT
793,AC,AG,AA,TT,AA
794,AA,AA,AA,AT,AA
795,AA,GG,AG,AT,AA
796,AA,GG,AA,TT,AA
797,AC,AG,AG,AT,AA
798,AA,AA,AA,AT,AT
799,AA,AG,AA,TT,AA
800,AA,AA,AG,AA,AT
801,AA,AG,AA,AA,AA
802,AA,AG,AA,AT,AA
803,AC,AG,AA,TT,AA
804,AA,AA,AA,AT,AA
805,AA,AA,AG,AA,AA
806,AC,AA,AA,AA,AA
807,AA,AA,AA,AT,AT
808,AA,AA,AA,TT,AT
809,AC,AG,AA,TT,AT
810,AA,AG,AA,TT,AA
811,AA,GG,AG,TT,TT
812,AC,AG,AA,AT,AA
813,AA,AG,AA,AT,AA
814,AC,AG,AG,AT,AA
815,AA,AA,AA,TT,AA
816,AA,AG,AG,TT,AT
817,AA,AA,AG,TT,AA
818,AA,AG,AA,AT,AA
819,CC,AG,AG,AA,AA
820,AC,AA,AA,AT,AA
821,AA,AA,AA,AT,AA
822,AC,AG,AA,TT,AA
823,AC,AA,AA,TT,AT
824,AC,AG,AG,TT,AT
825,AC,AG,AA,TT,AT
826,AA,AG,AG,AT,AT
827,AA,AG,AA,AT,AA
828,CC,AA,AA,TT,AA
829,AA,AG,AG,TT,AA
830,AA,AG,AA,TT,AT
831,AA,AA,AA,TT,AT
832,CC,AA,AG,TT,AT
833,AA,AA,AG,AA,AT
834,AA,GG,GG,TT,AT
835,AC,AG,AA,TT,AT
836,AC,AA,AG,AT,AT
837,AC,AG,AA,AT,AT
838,AC,AG,AG,TT,AA
839,AC,AA,AA,AT,AT
840,AC,AG,AA,AT,TT
841,AA,AA,AA,AT,AT
842,AA,AG,AG,AT,AA
843,AA,AA,AA,AT,AT
844,AA,AA,GG,TT,AA
845,AA,AA,AA,TT,AT
846,AA,AA,AG,TT,AA
847,AA,AG,AA,TT,AT
848,AC,AA,AA,TT,AA
849,AA,AA,AG,TT,AT
850,AA,AA,AA,TT,AA
851,AA,AA,AA,TT,AT
852,AC,AA,AA,AT,AT
853,AC,AG,AA,TT,AA
854,AA,AA,AG,AT,AA
855,AA,AA,AG,AT,TT
856,AA,AA,AG,AT,AA
857,AA,AG,AA,AT,AT
858,AC,AG,AA,TT,AT
859,AC,AA,AG,TT,AT
860,AA,AA,AA,AT,AT
861,AA,AG,AA,AT,AT
862,AA,AG,AG,AT,AT
863,AC,AA,AA,TT,AT
864,AC,AA,AA,TT,AT
865,AA,AA,AA,AT,AT
866,AC,AA,AA,AT,AA
867,AA,AA,AG,TT,AT
868,AA,AA,AA,AT,TT
869,AA,AA,AA,TT,AT
870,AA,AG,AA,TT,AA
871,AC,AA,AA,TT,AT
872,AA,AA,AG,TT,AT
873,AA,AA,AG,TT,AA
874,AC,AA,AG,TT,AA
875,AA,AA,AA,AT,AA
876,AA,AG,AA,TT,AA
877,AC,AA,AA,TT,AT
878,AA,AG,AA,TT,AA
879,AC,AG,AG,AT,AT
880,AC,AA,AA,AT,AA
881,AC,AA,AA,TT,AT
882,AA,AG,AG,TT,AT
883,CC,AG,AA,TT,AT
884,AC,AA,AA,TT,AT
885,AA,AG,AA,AT,AA
886,AA,AA,AA,TT,AA
887,AA,AG,GG,AT,AT
888,AC,AG,AA,TT,AT
889,AA,AG,AG,TT,AT
890,AC,AG,AG,AT,AA
891,AA,AA,AA,TT,AT
892,AA,AA,AA,AT,AA
893,AA,AG,AA,TT,AA
894,AA,AG,AA,AT,AT
895,AC,AG,AA,TT,AA
896,AA,AA,AA,AA,AT
897,AA,AA,AA,AT,AA
898,AA,AG,AG,TT,AA
899,AC,AA,AA,AT,AA
900,AA,AG,AG,AT,AA
901,AC,AG,AA,TT,AT
902,AC,AA,AA,TT,AA
903,AA,GG,GG,AT,AT
904,CC,AG,AA,TT,AA
905,CC,AG,AG,AT,AT
906,AC,AA,AA,TT,AA
907,AA,AA,AA,AT,AT
908,AC,AA,AA,AT,AT
909,AA,AG,AG,TT,AA
910,AA,AA,AA,AT,AA
911,AA,AA,AG,TT,AT
912,AA,AA,AA,AT,AA
913,AA,AG,AA,TT,AT
914,AA,AG,AA,TT,AT
915,AC,AA,AA,TT,AT
916,AA,AA,AA,AA,AA
917,AA,AG,AG,AA,AA
918,AC,AG,AA,AT,AT
919,AA,AA,AA,TT,AT
920,AA,AA,AA,AA,AA
921,AA,AA,AG,TT,AT
922,AA,AA,AA,AT,AT
923,AC,AA,AA,TT,AT
924,AA,AA,AA,TT,AA
925,AC,AG,AG,TT,AA
926,CC,AA,AA,AT,AA
927,AC,AG,AA,AT,AA
928,AC,AG,AA,TT,AA
929,AC,AG,AA,TT,AA
930,AA,AA,AA,TT,AA
931,AC,AG,AA,TT,AA
932,AC,AA,AA,TT,AT
933,AA,AG,AA,AT,AA
934,AA,AA,AA,AT,AA
935,AC,AG,GG,TT,AA
936,AA,AA,AA,AA,AA
937,AA,AG,AG,TT,AT
938,AA,AA,AG,AT,AA
939,AC,AA,AG,AT,AT
940,CC,AA,AA,AT,AT
941,AA,AA,AA,TT,AT
942,AA,AG,AA,TT,AT
943,AA,GG,GG,TT,AT
944,AA,AA,AG,AT,TT
945,AA,AG,AA,AT,AA
946,AC,AG,GG,TT,AT
947,AC,AG,AA,TT,AA
948,AA,AG,AA,AT,AT
949,AC,AA,AG,AT,AA
950,AC,AA,AG,TT,AT
951,AA,AA,AG,TT,AA
952,CC,AA,AA,TT,AT
953,AA,AA,AG,AT,AA
954,AC,AA,AA,AT,AA
955,AC,AA,AA,AA,AT
956,AA,AA,AG,AT,AA
957,AA,AG,AG,TT,TT
958,AC,AA,AG,TT,AT
959,AA,AG,AA,TT,AT
960,AC,AA,AG,TT,AA
961,AC,AG,AG,AA,AA
962,AA,AA,AG,AT,AT
963,AC,AA,AA,AT,AA
964,AA,GG,AG,AT,AT
965,AA,AA,AA,TT,AA
966,AC,AG,GG,AA,AT
967,AA,AG,AA,TT,AA
968,AC,AG,AG,TT,TT
969,AC,AA,AA,TT,AT
970,AA,AG,AG,TT,AA
971,AA,AA,AA,AT,AT
972,AA,AA,GG,TT,AT
973,AA,AG,AG,TT,AA
974,AA,AG,AA,TT,AT
975,AC,AA,AG,TT,AT
976,AC,AA,AA,TT,AA
977,AA,AA,AG,TT,TT
978,AC,GG,AA,TT,AA
979,AA,AG,AG,AT,AA
980,AA,AA,AA,AT,AA
981,AA,AA,AG,AT,AT
982,AA,AA,AA,TT,AT
983,AA,AA,AA,AT,AA
984,AA,AG,AA,TT,AT
985,AA,AA,AG,AT,AT
986,AC,AA,AG,TT,AT
987,AC,GG,AA,AT,AA
988,AA,AG,AG,AA,TT
989,AC,AA,AG,AA,AT
990,CC,AG,AA,AT,AT
991,AA,GG,AA,TT,AA
992,AC,AA,AA,TT,AA
993,AC,AA,AA,TT,AT
994,AA,AG,AA,TT,AA
995,AA,AG,AA,AT,AT
996,AA,AG,AG,TT,AA
997,AC,AG,AA,AT,AA
998,AA,AG,AA,AT,AA
999,AC,AG,AA,TT,AT
1000,AA,AA,AA,TT,AT
